name,f1,roc_auc,model_type,fam,version
15_hydroxyprostaglandin_dehydrogenase_nad_,1.0,1.0,RandomForestClassifier,Other,py27
1_25_dihydroxyvitamin_d_3_24_hydroxylase_mitochondrial,1.0,1.0,XGBClassifier,Other,py27
1_acyl_sn_glycerol_3_phosphate_acyltransferase_beta,1.0,1.0,XGBClassifier,Enzyme,py27
2_5a_dependent_ribonuclease,1.0,1.0,XGBClassifier,Kinase,py35
2_acylglycerol_o_acyltransferase_2,1.0,1.0,SVC,Enzyme,py35
3_beta_hydroxysteroid_dehydrogenase_delta_5_4_isomerase_type_1,0.8888888888888891,0.9946236559139784,XGBClassifier,Other,py35
3_beta_hydroxysteroid_delta_8_delta_7_isomerase,0.5714285714285715,0.9525,XGBClassifier,Other,py27
3_phosphoinositide_dependent_protein_kinase_1,1.0,1.0,RandomForestClassifier,Kinase,py27
4_hydroxyphenylpyruvate_dioxygenase,1.0,1.0,SVC,Enzyme,py27
5_hydroxytryptamine_receptor_1a,1.0,1.0,RandomForestClassifier,GPCR,py27
5_hydroxytryptamine_receptor_1b,0.9395348837209304,0.987036513860596,XGBClassifier,GPCR,py27
5_hydroxytryptamine_receptor_1d,0.9625,0.9985070120849384,XGBClassifier,GPCR,py27
5_hydroxytryptamine_receptor_1f,1.0,1.0,SVC,GPCR,py35
5_hydroxytryptamine_receptor_2a,0.931909212283044,0.9940484461118059,XGBClassifier,GPCR,py27
5_hydroxytryptamine_receptor_2b,0.9015544041450776,0.9847390405220946,XGBClassifier,GPCR,py27
5_hydroxytryptamine_receptor_2c,0.9377777777777778,0.9945992948761032,XGBClassifier,GPCR,py27
5_hydroxytryptamine_receptor_3a,0.8876404494382022,0.9851176830200212,XGBClassifier,IC,py35
5_hydroxytryptamine_receptor_4,1.0,1.0,SVC,GPCR,py27
5_hydroxytryptamine_receptor_5a,0.85,0.9930955120828538,XGBClassifier,GPCR,py27
5_hydroxytryptamine_receptor_6,0.9623865110246432,0.9985049447235554,XGBClassifier,GPCR,py27
5_hydroxytryptamine_receptor_7,0.9285714285714286,0.996618429431218,XGBClassifier,GPCR,py27
5_nucleotidase,1.0,1.0,XGBClassifier,Enzyme,py35
6_phosphofructo_2_kinase_fructose_2_6_bisphosphatase_4,1.0,1.0,XGBClassifier,Other,py35
72_kda_type_iv_collagenase,0.9699074074074074,0.9967470775183798,XGBClassifier,Enzyme,py27
7_8_dihydro_8_oxoguanine_triphosphatase,1.0,1.0,MLPClassifier,Other,py35
abelson_tyrosine_protein_kinase_2,0.5714285714285715,0.9842105263157896,XGBClassifier,Kinase,py35
acetylcholinesterase,0.902116402116402,0.9886511774660596,XGBClassifier,Enzyme,py27
acetylcholine_receptor_subunit_alpha,0.6666666666666666,0.9671361502347418,XGBClassifier,IC,py35
acetylcholine_receptor_subunit_beta,0.6666666666666666,0.9825000000000002,XGBClassifier,IC,py35
acetylcholine_receptor_subunit_delta,0.8571428571428571,0.9451923076923076,XGBClassifier,IC,py35
acetyl_coa_carboxylase_1,0.98,0.9998429577780767,XGBClassifier,Enzyme,py27
acetyl_coa_carboxylase_2,0.9896907216494846,0.9996400213301484,XGBClassifier,Enzyme,py27
acetyl_coenzyme_a_transporter_1,1.0,1.0,XGBClassifier,Transporter,py27
acid_ceramidase,1.0,1.0,XGBClassifier,Enzyme,py27
acid_sensing_ion_channel_3,1.0,1.0,SVC,IC,py35
activated_cdc42_kinase_1,0.9523809523809524,0.9893765238592824,XGBClassifier,Kinase,py27
activin_receptor_type_1,0.8,0.995,XGBClassifier,Kinase,py35
acyl_coa_desaturase,0.9613259668508288,0.9995435882396072,XGBClassifier,Enzyme,py27
adenosine_deaminase,1.0,1.0,RandomForestClassifier,Enzyme,py35
adenosine_kinase,0.9850746268656716,0.9999708794408854,XGBClassifier,Kinase,py35
adenosine_receptor_a3,0.0,0.5875,XGBClassifier,GPCR,py35
adenosylhomocysteinase,1.0,1.0,RandomForestClassifier,Enzyme,py35
adenylate_cyclase_type_1,1.0,1.0,XGBClassifier,Enzyme,py27
alcohol_dehydrogenase_class_3,1.0,1.0,XGBClassifier,Enzyme,py27
aldehyde_dehydrogenase_dimeric_nadp_preferring,0.8571428571428571,0.7962499999999999,XGBClassifier,Other,py35
aldehyde_dehydrogenase_mitochondrial,1.0,1.0,RandomForestClassifier,Other,py27
aldose_reductase,0.979591836734694,0.992892110115074,XGBClassifier,Enzyme,py35
aldo_keto_reductase_family_1_member_b10,0.875,0.9996408045977012,XGBClassifier,Enzyme,py35
aldo_keto_reductase_family_1_member_c1,0.8,0.9976525821596244,XGBClassifier,Enzyme,py27
aldo_keto_reductase_family_1_member_c2,1.0,1.0,XGBClassifier,Enzyme,py27
aldo_keto_reductase_family_1_member_c3,0.9708737864077672,0.9999329646388472,XGBClassifier,Enzyme,py27
alkaline_phosphatase_tissue_nonspecific_isozyme,1.0,1.0,RandomForestClassifier,Other,py35
alk_tyrosine_kinase_receptor,0.9863013698630138,0.9989903867257802,XGBClassifier,Kinase,py27
alpha_1a_adrenergic_receptor,0.9476190476190476,0.9971519327642347,XGBClassifier,GPCR,py27
alpha_1b_adrenergic_receptor,0.9230769230769232,0.9988761534814168,XGBClassifier,GPCR,py27
alpha_1d_adrenergic_receptor,0.96875,0.9992787849093584,XGBClassifier,GPCR,py27
alpha_1_6_mannosyl_glycoprotein_2_beta_n_acetylglucosaminyltransferase,1.0,1.0,XGBClassifier,Other,py27
alpha_2a_adrenergic_receptor,0.9,0.9824412074881828,XGBClassifier,GPCR,py27
alpha_2b_adrenergic_receptor,0.8,0.9656940760389036,XGBClassifier,GPCR,py27
alpha_2c_adrenergic_receptor,0.9393939393939394,0.9995437016102916,XGBClassifier,GPCR,py27
alpha_ketoglutarate_dependent_dioxygenase_alkb_homolog_3,1.0,1.0,XGBClassifier,Enzyme,py35
amiloride_sensitive_amine_oxidase_copper_containing_,0.4,0.6877637130801687,XGBClassifier,Other,py35
amiloride_sensitive_sodium_channel_subunit_alpha,1.0,1.0,XGBClassifier,IC,py35
amine_oxidase_flavin_containing_a,0.8469387755102041,0.9742267433289103,XGBClassifier,Other,py27
amine_oxidase_flavin_containing_b,0.9487750556792872,0.9965486751573708,XGBClassifier,Other,py27
aminopeptidase_n,0.9,1.0,XGBClassifier,Enzyme,py35
amp_deaminase_3,0.923076923076923,0.8663723916532906,XGBClassifier,Enzyme,py27
androgen_receptor,0.953560371517028,0.9974362344076836,XGBClassifier,NR,py27
angiopoietin_1_receptor,1.0,1.0,RandomForestClassifier,Kinase,py35
angiotensin_converting_enzyme_2,0.9473684210526316,1.0,XGBClassifier,Enzyme,py35
angiotensin_converting_enzyme,0.9736842105263158,0.9999879505006568,XGBClassifier,Enzyme,py35
arachidonate_12_lipoxygenase_12s_type,0.983050847457627,0.9950429610046264,XGBClassifier,Other,py35
arachidonate_15_lipoxygenase,1.0,1.0,RandomForestClassifier,Enzyme,py27
arachidonate_5_lipoxygenase_activating_protein,0.9633507853403142,0.9955345706722618,XGBClassifier,Enzyme,py35
arginase_1,1.0,1.0,SVC,Enzyme,py27
arginase_2_mitochondrial,0.9333333333333332,0.9375,XGBClassifier,Other,py27
aromatase,0.9427312775330396,0.9994508241957032,XGBClassifier,Enzyme,py27
aryl_hydrocarbon_receptor,0.75,0.9954810445341336,XGBClassifier,TF,py35
atpase_family_aaa_domain_containing_protein_2,0.8888888888888891,0.9981132075471698,XGBClassifier,Epigenetic,py35
atp_binding_cassette_sub_family_c_member_8,1.0,1.0,RandomForestClassifier,Transporter,py27
atp_binding_cassette_sub_family_c_member_9,0.7499999999999999,1.0,XGBClassifier,Transporter,py35
atp_binding_cassette_sub_family_g_member_2,0.9333333333333332,0.9995521719659652,XGBClassifier,Transporter,py27
atp_citrate_synthase,1.0,1.0,XGBClassifier,Enzyme,py35
atp_sensitive_inward_rectifier_potassium_channel_11,1.0,1.0,SVC,IC,py35
atp_sensitive_inward_rectifier_potassium_channel_1,0.9859154929577464,0.9999710522506876,XGBClassifier,IC,py35
atypical_chemokine_receptor_3,1.0,1.0,XGBClassifier,GPCR,py35
aurora_kinase_a,0.9476744186046512,0.9946678865782232,XGBClassifier,Kinase,py27
aurora_kinase_b,1.0,1.0,RandomForestClassifier,Kinase,py27
aurora_kinase_c,0.6,0.8386837881219904,XGBClassifier,Kinase,py35
a_disintegrin_and_metalloproteinase_with_thrombospondin_motifs_4,1.0,1.0,RandomForestClassifier,Enzyme,py27
a_disintegrin_and_metalloproteinase_with_thrombospondin_motifs_5,0.9866666666666666,0.9998203700377224,XGBClassifier,Enzyme,py27
b1_bradykinin_receptor,0.978494623655914,0.9990981373776044,XGBClassifier,GPCR,py27
b2_bradykinin_receptor,0.9352517985611511,0.9986116578562592,XGBClassifier,GPCR,py27
bcl2_associated_agonist_of_cell_death,0.875,0.9992647058823528,XGBClassifier,Other,py27
bcl_2_like_protein_1,0.9797979797979798,0.9999736524027362,XGBClassifier,Other,py27
bcl_2_like_protein_2,0.8888888888888891,0.9964912280701754,XGBClassifier,Other,py35
bcl_2_related_protein_a1,1.0,1.0,XGBClassifier,Other,py35
bdnf_nt_3_growth_factors_receptor,1.0,1.0,RandomForestClassifier,Other,py27
beta_1_3_galactosyl_o_glycosyl_glycoprotein_beta_1_6_n_acetylglucosaminyltransferase,0.9174311926605504,0.9852266743262004,XGBClassifier,Other,py35
beta_1_4_mannosyl_glycoprotein_4_beta_n_acetylglucosaminyltransferase,1.0,1.0,XGBClassifier,Other,py35
beta_1_adrenergic_receptor,0.9482758620689654,0.9999048126713372,XGBClassifier,GPCR,py27
beta_2_adrenergic_receptor,0.9466666666666668,0.9995620376331036,XGBClassifier,GPCR,py27
beta_3_adrenergic_receptor,0.9743589743589745,0.999966433941998,XGBClassifier,GPCR,py27
beta_adrenergic_receptor_kinase_1,1.0,1.0,SVC,Kinase,py35
beta_secretase_1,0.9781771501925546,0.9987017565147022,XGBClassifier,Enzyme,py27
beta_secretase_2,0.9634146341463417,0.9989800695559122,XGBClassifier,Enzyme,py27
bifunctional_epoxide_hydrolase_2,0.9777777777777776,0.9999394477777334,XGBClassifier,Enzyme,py27
bile_acid_receptor,1.0,1.0,RandomForestClassifier,NR,py35
bombesin_receptor_subtype_3,1.0,1.0,RandomForestClassifier,GPCR,py35
bone_morphogenetic_protein_1,1.0,1.0,RandomForestClassifier,Other,py35
bone_morphogenetic_protein_4,1.0,1.0,XGBClassifier,Other,py35
branched_chain_amino_acid_aminotransferase_mitochondrial,1.0,1.0,SVC,Other,py27
bromodomain_adjacent_to_zinc_finger_domain_protein_2a,1.0,1.0,XGBClassifier,TF; Epigenetic,py35
bromodomain_adjacent_to_zinc_finger_domain_protein_2b,1.0,1.0,XGBClassifier,TF; Epigenetic,py35
bromodomain_containing_protein_2,0.9459459459459459,0.9980024696738578,XGBClassifier,Epigenetic,py27
bromodomain_containing_protein_3,0.9870129870129868,0.9999690325777284,XGBClassifier,Epigenetic,py27
bromodomain_containing_protein_4,0.9411764705882354,0.994887171286425,XGBClassifier,Epigenetic,py27
bromodomain_containing_protein_9,1.0,1.0,SVC,Epigenetic,py27
c3a_anaphylatoxin_chemotactic_receptor,1.0,1.0,XGBClassifier,GPCR,py35
c5a_anaphylatoxin_chemotactic_receptor_1,1.0,1.0,SVC,GPCR,py35
calcitonin_gene_related_peptide_1,1.0,1.0,RandomForestClassifier,Other,py27
calcitonin_gene_related_peptide_type_1_receptor,0.9837837837837836,0.999955795732078,XGBClassifier,GPCR,py35
calcium_activated_potassium_channel_subunit_alpha_1,1.0,1.0,RandomForestClassifier,IC,py35
calcium_calmodulin_dependent_3_5_cyclic_nucleotide_phosphodiesterase_1a,0.5714285714285715,0.9425,XGBClassifier,Other,py35
calcium_calmodulin_dependent_3_5_cyclic_nucleotide_phosphodiesterase_1b,0.6666666666666665,0.9946236559139784,XGBClassifier,Other,py35
calcium_calmodulin_dependent_3_5_cyclic_nucleotide_phosphodiesterase_1c,0.8000000000000002,0.9714285714285716,XGBClassifier,Other,py27
calcium_calmodulin_dependent_protein_kinase_type_ii_subunit_delta,0.8,0.9883720930232558,XGBClassifier,Other,py35
calcium_dependent_phospholipase_a2,0.5714285714285715,0.9789473684210528,XGBClassifier,Enzyme,py35
calcium_release_activated_calcium_channel_protein_1,0.8,1.0,XGBClassifier,IC,py35
calpain_1_catalytic_subunit,0.9625,0.9866844457799648,XGBClassifier,Other,py27
calpain_2_catalytic_subunit,0.9642857142857144,0.9995836329914076,XGBClassifier,Other,py27
camp_and_camp_inhibited_cgmp_3_5_cyclic_phosphodiesterase_10a,0.9793351302785264,0.9998939025214848,XGBClassifier,Other,py27
camp_dependent_protein_kinase_catalytic_subunit_alpha,1.0,1.0,XGBClassifier,Kinase,py35
camp_specific_3_5_cyclic_phosphodiesterase_7b,0.5454545454545454,0.7105263157894737,XGBClassifier,Other,py35
cannabinoid_receptor_1,0.96602658788774,0.9947599826336384,XGBClassifier,GPCR,py27
cannabinoid_receptor_2,0.9513513513513512,0.9948152614431176,XGBClassifier,GPCR,py27
carbonic_anhydrase_12,0.9036295369211514,0.9948737184296076,XGBClassifier,Enzyme,py27
carbonic_anhydrase_13,0.9722222222222222,0.999885024432308,XGBClassifier,Enzyme,py27
carbonic_anhydrase_14,0.9285714285714284,0.9976132892057028,XGBClassifier,Enzyme,py27
carbonic_anhydrase_2,0.94,0.9984202252787752,XGBClassifier,Enzyme,py27
carbonic_anhydrase_3,0.5,0.6981132075471698,XGBClassifier,Enzyme,py35
carbonic_anhydrase_4,0.8666666666666666,0.9805786358205713,XGBClassifier,Enzyme,py27
carbonic_anhydrase_5a_mitochondrial,0.870967741935484,0.9825186049905152,XGBClassifier,Other,py27
carbonic_anhydrase_5b_mitochondrial,1.0,1.0,RandomForestClassifier,Other,py27
carbonic_anhydrase_6,1.0,1.0,RandomForestClassifier,Enzyme,py27
carbonic_anhydrase_7,0.9417989417989416,0.9976133974267962,XGBClassifier,Enzyme,py27
carbonic_anhydrase_9,0.9491173416407062,0.9978085481224056,XGBClassifier,Enzyme,py27
carboxypeptidase_a1,0.8888888888888891,0.9946236559139784,XGBClassifier,Enzyme,py35
carboxypeptidase_b2,1.0,1.0,XGBClassifier,Enzyme,py27
carboxypeptidase_b,1.0,1.0,RandomForestClassifier,Enzyme,py27
carnitine_o_palmitoyltransferase_1_liver_isoform,1.0,1.0,RandomForestClassifier,Other,py27
carnitine_o_palmitoyltransferase_1_muscle_isoform,0.9411764705882352,0.9996870109546164,XGBClassifier,Other,py35
carnitine_o_palmitoyltransferase_2_mitochondrial,1.0,1.0,XGBClassifier,Other,py27
casein_kinase_ii_subunit_alpha,0.984126984126984,1.0,XGBClassifier,Kinase,py27
casein_kinase_i_isoform_delta,0.5,0.9566037735849056,XGBClassifier,Kinase,py35
caspase_1,0.9659863945578232,0.999914023304742,XGBClassifier,Enzyme,py35
caspase_2,0.923076923076923,0.9984639016897082,XGBClassifier,Enzyme,py27
caspase_3,0.968944099378882,0.9996425686446918,XGBClassifier,Enzyme,py27
caspase_6,0.9523809523809524,0.9967017109874252,XGBClassifier,Enzyme,py35
caspase_7,1.0,1.0,XGBClassifier,Enzyme,py27
caspase_8,1.0,1.0,MLPClassifier,Enzyme,py27
caspase_9,0.6666666666666666,0.9282700421940928,XGBClassifier,Enzyme,py35
catechol_o_methyltransferase,0.8421052631578948,0.9991150442477876,XGBClassifier,Enzyme,py35
cathepsin_b,0.9405940594059404,0.9995924855491328,XGBClassifier,Enzyme,py27
cathepsin_d,0.9716981132075472,0.9996350031937221,XGBClassifier,Enzyme,py35
cathepsin_e,0.7692307692307692,0.9952229299363058,XGBClassifier,Enzyme,py35
cathepsin_f,0.9411764705882352,1.0,XGBClassifier,Enzyme,py27
cathepsin_g,1.0,1.0,RandomForestClassifier,Enzyme,py27
cathepsin_k,0.9503311258278144,0.9975436100379828,XGBClassifier,Enzyme,py27
cathepsin_l1,0.9211356466876972,0.9947532996122216,XGBClassifier,Enzyme,py35
cathepsin_l2,1.0,1.0,XGBClassifier,Enzyme,py27
cathepsin_s,0.9505813953488372,0.9978671008079708,XGBClassifier,Enzyme,py35
cell_division_cycle_7_related_protein_kinase,0.9866666666666666,0.9998985852644388,XGBClassifier,Kinase,py27
ceramide_glucosyltransferase,0.96,0.99990231990232,XGBClassifier,Enzyme,py27
cgmp_dependent_3_5_cyclic_phosphodiesterase,1.0,1.0,SVC,Other,py35
cholecystokinin_receptor_type_a,1.0,1.0,RandomForestClassifier,GPCR,py35
cholesteryl_ester_transfer_protein,0.9527559055118108,0.9957443812110006,XGBClassifier,Other,py27
cholinesterase,0.8848484848484848,0.9883804061435641,XGBClassifier,Enzyme,py27
chymase,1.0,1.0,SVC,Enzyme,py27
chymotrypsinogen_b,1.0,1.0,RandomForestClassifier,Enzyme,py27
chymotrypsin_c,1.0,1.0,SVC,Enzyme,py35
coagulation_factor_ix,0.9714285714285714,1.0,XGBClassifier,Enzyme,py27
coagulation_factor_vii,0.9904761904761904,1.0,XGBClassifier,Enzyme,py27
coagulation_factor_xiii_a_chain,1.0,1.0,XGBClassifier,Enzyme,py35
coagulation_factor_xi,0.984375,0.9999565368567456,XGBClassifier,Enzyme,py27
coagulation_factor_x,0.9798994974874372,0.9995875796699658,XGBClassifier,Enzyme,py35
cocaine_esterase,0.8947368421052632,0.9959349593495934,XGBClassifier,Enzyme,py35
collagenase_3,0.983050847457627,0.9996414233897948,XGBClassifier,Enzyme,py27
complement_c1r_subcomponent,1.0,1.0,XGBClassifier,Other,py35
complement_c1s_subcomponent,1.0,1.0,SVC,Other,py35
complement_factor_d,1.0,1.0,SVC,Enzyme,py35
corticosteroid_11_beta_dehydrogenase_isozyme_1,0.93801652892562,0.996094828134542,XGBClassifier,Enzyme,py35
corticosteroid_11_beta_dehydrogenase_isozyme_2,1.0,1.0,RandomForestClassifier,Enzyme,py27
corticosteroid_binding_globulin,0.8888888888888891,1.0,XGBClassifier,Other,py35
corticotropin_releasing_factor_receptor_1,1.0,1.0,SVC,GPCR,py35
creb_binding_protein,0.9333333333333332,0.999552171965965,XGBClassifier,Epigenetic,py27
cx3c_chemokine_receptor_1,1.0,1.0,RandomForestClassifier,GPCR,py35
cyclin_dependent_kinase_1,0.912280701754386,0.9923120876837568,XGBClassifier,Kinase,py27
cyclin_dependent_kinase_2,0.95,0.9909334754092338,XGBClassifier,Kinase,py27
cyclin_dependent_kinase_4,0.98,0.999481631733153,XGBClassifier,Kinase,py27
cyclin_dependent_kinase_6,1.0,1.0,SVC,Kinase,py27
cyclin_dependent_kinase_7,0.5,0.9811827956989247,XGBClassifier,Kinase,py35
cyclin_dependent_kinase_8,1.0,1.0,SVC,Kinase,py27
cyclin_dependent_kinase_9,0.9508196721311476,0.9891575840145324,XGBClassifier,Kinase,py27
cyclin_dependent_like_kinase_5,1.0,1.0,XGBClassifier,Kinase,py27
cyclin_g_associated_kinase,0.7499999999999999,0.9945799457994581,XGBClassifier,Kinase,py35
cyclin_t1,1.0,1.0,XGBClassifier,Other,py27
cysteinyl_leukotriene_receptor_1,0.9743589743589745,1.0,XGBClassifier,GPCR,py35
cysteinyl_leukotriene_receptor_2,1.0,1.0,XGBClassifier,GPCR,py27
cystine_glutamate_transporter,1.0,1.0,XGBClassifier,Other,py35
cytidine_deaminase,1.0,1.0,XGBClassifier,Enzyme,py35
cytochrome_p450_11b1_mitochondrial,0.9805825242718448,0.9995330186568834,XGBClassifier,Other,py27
cytochrome_p450_11b2_mitochondrial,0.9655172413793104,0.9998983380101932,XGBClassifier,Other,py27
cytochrome_p450_1a1,0.75,0.9865591397849462,XGBClassifier,Other,py35
cytochrome_p450_1b1,1.0,1.0,XGBClassifier,Other,py27
cytochrome_p450_26a1,1.0,1.0,MLPClassifier,Enzyme,py27
cytochrome_p450_2a6,1.0,1.0,MLPClassifier,Other,py27
cytochrome_p450_2c19,0.6666666666666666,0.5929824561403508,XGBClassifier,Other,py35
cytochrome_p450_2c9,0.3333333333333333,0.8679245283018867,XGBClassifier,Other,py27
cytochrome_p450_2d6,0.5,0.9796416938110748,XGBClassifier,Enzyme,py35
cytochrome_p450_3a4,0.75,0.9050925925925926,XGBClassifier,Enzyme,py27
cytosolic_phospholipase_a2_beta,1.0,1.0,XGBClassifier,Enzyme,py27
cytosolic_phospholipase_a2,0.9642857142857144,0.9968353485594864,XGBClassifier,Enzyme,py27
cytosol_aminopeptidase,0.9959839357429718,0.996,RandomForestClassifier,Enzyme,py27
c_c_chemokine_receptor_like_2,0.9909909909909907,0.9910714285714286,MLPClassifier,GPCR,py35
c_c_chemokine_receptor_type_1,0.9508196721311476,0.9922958063770796,XGBClassifier,GPCR,py35
c_c_chemokine_receptor_type_2,0.975609756097561,0.9995790338927594,XGBClassifier,GPCR,py35
c_c_chemokine_receptor_type_3,0.9792531120331948,0.9999287214163248,XGBClassifier,GPCR,py35
c_c_chemokine_receptor_type_5,0.9902912621359222,0.9997266265718971,SVC,GPCR,py35
c_c_chemokine_receptor_type_8,0.989384288747346,0.9935203360470432,MLPClassifier,GPCR,py27
c_c_chemokine_receptor_type_9,1.0,1.0,XGBClassifier,GPCR,py35
c_c_motif_chemokine_5,1.0,1.0,XGBClassifier,Other,py35
c_x_c_chemokine_receptor_type_1,0.9142857142857144,0.9683388157894736,XGBClassifier,GPCR,py35
c_x_c_chemokine_receptor_type_2,0.975,0.9991718521229868,XGBClassifier,GPCR,py35
c_x_c_chemokine_receptor_type_3,0.9784172661870504,0.9994324245957568,XGBClassifier,GPCR,py35
c_x_c_chemokine_receptor_type_4,0.9883570504527812,0.997111673229412,MLPClassifier,GPCR,py35
d1a_dopamine_receptor,0.9684210526315792,0.9977003083677416,XGBClassifier,Other,py35
d1b_dopamine_receptor,0.9714285714285714,0.9901122842299312,XGBClassifier,Other,py35
d2_dopamine_receptor,0.9065817409766452,0.9961066204832368,XGBClassifier,Other,py27
d3_dopamine_receptor,0.972796517954298,0.9993252012688532,XGBClassifier,Other,py27
d4_dopamine_receptor,0.9477911646586344,0.9997283993728494,XGBClassifier,Other,py27
dctp_pyrophosphatase_1,0.9333333333333332,0.8915624999999999,XGBClassifier,Enzyme,py27
delta_type_opioid_receptor,0.9879518072289156,0.9880952380952379,MLPClassifier,GPCR,py35
deoxycytidine_kinase,1.0,1.0,XGBClassifier,Kinase,py35
deoxyuridine_5_triphosphate_nucleotidohydrolase_mitochondrial,0.967741935483871,0.9999261720191952,XGBClassifier,Other,py35
diacylglycerol_o_acyltransferase_1,0.9876543209876544,0.9878048780487804,RandomForestClassifier,Enzyme,py27
diacylglycerol_o_acyltransferase_2,1.0,1.0,XGBClassifier,Enzyme,py35
dihydrofolate_reductase,0.9441624365482232,0.9917434578186268,XGBClassifier,Enzyme,py27
dihydroorotate_dehydrogenase_quinone_mitochondrial,0.9633507853403142,0.9943558628474672,XGBClassifier,Other,py35
dipeptidase_1,0.9873417721518988,0.9875,MLPClassifier,Enzyme,py35
dipeptidyl_peptidase_1,0.9825783972125436,0.9988352720222948,XGBClassifier,Enzyme,py27
dipeptidyl_peptidase_2,0.9382716049382716,0.9961990950226244,XGBClassifier,Enzyme,py27
dipeptidyl_peptidase_4,0.981132075471698,0.9984698588912264,XGBClassifier,Enzyme,py27
dipeptidyl_peptidase_8,0.9538461538461538,0.999366682700016,XGBClassifier,Enzyme,py27
dipeptidyl_peptidase_9,0.9069767441860463,0.9979371378180902,XGBClassifier,Enzyme,py27
discoidin_domain_containing_receptor_2,0.75,0.7510729613733905,XGBClassifier,Kinase,py35
disintegrin_and_metalloproteinase_domain_containing_protein_10,0.9873417721518988,0.9875,RandomForestClassifier,Enzyme,py27
disintegrin_and_metalloproteinase_domain_containing_protein_17,0.9870129870129868,0.9996423462088698,SVC,Enzyme,py27
disintegrin_and_metalloproteinase_domain_containing_protein_8,1.0,1.0,XGBClassifier,Enzyme,py35
disintegrin_and_metalloproteinase_domain_containing_protein_9,0.9866666666666666,0.986842105263158,RandomForestClassifier,Enzyme,py27
dna_cytosine_5_methyltransferase_1,0.5,0.921940928270042,XGBClassifier,Other,py35
dna_cytosine_5_methyltransferase_3b,1.0,1.0,XGBClassifier,Other,py35
dna_dependent_protein_kinase_catalytic_subunit,0.9295774647887324,0.9954297211842484,XGBClassifier,Kinase,py35
dna_directed_rna_polymerase_i_subunit_rpa1,1.0,1.0,XGBClassifier,Enzyme,py35
dna_polymerase_alpha_catalytic_subunit,0.5,0.7286821705426357,XGBClassifier,Enzyme,py35
dna_repair_protein_complementing_xp_g_cells,1.0,1.0,XGBClassifier,Enzyme,py35
dna_topoisomerase_1,0.9696969696969696,0.999910698338989,XGBClassifier,Enzyme,py35
dna_topoisomerase_2_alpha,0.5,0.9213615023474178,XGBClassifier,Enzyme,py27
dual_3_5_cyclic_amp_and_gmp_phosphodiesterase_11a,0.8888888888888888,0.9865034526051476,XGBClassifier,Other,py35
dual_specificity_mitogen_activated_protein_kinase_kinase_1,0.9411764705882352,0.9998183828174352,XGBClassifier,Kinase,py35
dual_specificity_protein_kinase_clk1,0.8888888888888891,0.999122807017544,XGBClassifier,Kinase,py27
dual_specificity_protein_kinase_clk4,0.9866666666666666,0.986842105263158,MLPClassifier,Kinase,py35
dual_specificity_protein_kinase_ttk,0.9863013698630138,0.9995344506517692,MLPClassifier,Kinase,py27
dual_specificity_protein_phosphatase_3,0.5714285714285715,0.9655629139072848,XGBClassifier,Enzyme,py27
dual_specificity_tyrosine_phosphorylation_regulated_kinase_1a,0.923076923076923,1.0,XGBClassifier,Kinase,py27
dual_specificity_tyrosine_phosphorylation_regulated_kinase_1b,0.9473684210526316,1.0,XGBClassifier,Kinase,py35
d_amino_acid_oxidase,0.9846153846153848,1.0,XGBClassifier,Enzyme,py27
e3_ubiquitin_protein_ligase_mdm2,0.9904761904761904,0.9999402828057798,XGBClassifier,Enzyme,py27
e3_ubiquitin_protein_ligase_xiap,0.9950248756218906,0.9995037097694732,XGBClassifier,Enzyme,py27
ectonucleotide_pyrophosphatase_phosphodiesterase_family_member_1,0.8888888888888891,0.9006622516556291,XGBClassifier,Other,py27
ectonucleotide_pyrophosphatase_phosphodiesterase_family_member_2,0.9863013698630138,0.9864864864864864,MLPClassifier,Other,py27
ef_hand_calcium_binding_domain_containing_protein_4b,0.9333333333333332,1.0,XGBClassifier,Other,py27
egl_nine_homolog_1,0.9620253164556964,0.999854241570304,XGBClassifier,Other,py27
egl_nine_homolog_2,0.9863013698630138,0.9995344506517692,MLPClassifier,Other,py35
egl_nine_homolog_3,0.9714285714285714,1.0,XGBClassifier,Other,py27
elongation_of_very_long_chain_fatty_acids_protein_6,0.9855072463768116,0.9857142857142858,RandomForestClassifier,Other,py35
endoplasmic_reticulum_aminopeptidase_2,0.6666666666666666,1.0,XGBClassifier,Enzyme,py35
endoplasmin,0.9852941176470588,0.9855072463768116,RandomForestClassifier,Other,py27
endothelial_pas_domain_containing_protein_1,1.0,1.0,XGBClassifier,Other,py35
endothelin_1_receptor,0.9852216748768472,0.9854368932038836,RandomForestClassifier,GPCR,py35
endothelin_b_receptor,0.9850746268656716,0.9954152772805708,MLPClassifier,Other,py35
endothelin_converting_enzyme_1,0.98,0.9999679610406254,XGBClassifier,Enzyme,py27
enteropeptidase,1.0,1.0,XGBClassifier,Enzyme,py27
ephrin_type_a_receptor_2,0.3333333333333333,0.9516129032258064,XGBClassifier,Kinase,py35
ephrin_type_b_receptor_4,0.9565217391304348,1.0,XGBClassifier,Kinase,py27
epithelial_discoidin_domain_containing_receptor_1,0.9848484848484848,0.9995344506517692,SVC,Kinase,py35
epoxide_hydrolase_1,0.9152542372881356,0.9992215735335002,XGBClassifier,Enzyme,py27
equilibrative_nucleoside_transporter_1,0.9836065573770492,0.9838709677419356,MLPClassifier,Transporter,py35
estradiol_17_beta_dehydrogenase_1,0.9661016949152544,0.9999728842972966,XGBClassifier,Enzyme,py27
estradiol_17_beta_dehydrogenase_2,0.9770992366412214,0.9999184206232664,XGBClassifier,Enzyme,py27
estrogen_receptor,0.7692307692307693,1.0,XGBClassifier,NR,py35
eukaryotic_initiation_factor_4a_i,1.0,1.0,XGBClassifier,Other,py35
eukaryotic_translation_initiation_factor_2_alpha_kinase_3,0.9565217391304348,0.9997970779220781,XGBClassifier,Kinase,py27
eukaryotic_translation_initiation_factor_4e,0.8888888888888891,0.9,XGBClassifier,Other,py35
excitatory_amino_acid_transporter_1,0.9090909090909092,1.0,XGBClassifier,Transporter,py35
excitatory_amino_acid_transporter_2,1.0,1.0,XGBClassifier,Transporter,py35
excitatory_amino_acid_transporter_3,1.0,1.0,XGBClassifier,Transporter,py35
extracellular_calcium_sensing_receptor,0.8823529411764706,0.9994979919678716,XGBClassifier,GPCR,py35
e_selectin,0.9836065573770492,0.9838709677419356,RandomForestClassifier,Other,py35
fad_linked_sulfhydryl_oxidase_alr,0.4358974358974359,0.8803436767553247,XGBClassifier,Enzyme,py27
farnesyl_pyrophosphate_synthase,1.0,1.0,XGBClassifier,Enzyme,py27
fatty_acid_amide_hydrolase_1,0.9408450704225352,0.9969864189530754,XGBClassifier,Enzyme,py27
fatty_acid_binding_protein_adipocyte,1.0,1.0,XGBClassifier,Other,py35
fatty_acid_binding_protein_epidermal,0.8888888888888891,1.0,XGBClassifier,Other,py35
fatty_acid_binding_protein_heart,0.8000000000000002,0.9903614457831326,XGBClassifier,Other,py27
fatty_acid_desaturase_1,0.983050847457627,0.9833333333333334,MLPClassifier,Enzyme,py27
fatty_acid_synthase,0.9891304347826086,0.9999747135405378,XGBClassifier,Enzyme,py27
fibroblast_growth_factor_2,1.0,1.0,XGBClassifier,Other,py27
fibroblast_growth_factor_receptor_1,0.9824561403508772,0.9827586206896552,MLPClassifier,Kinase,py27
fibroblast_growth_factor_receptor_2,0.9508196721311476,0.9691143497757848,XGBClassifier,Kinase,py27
fibroblast_growth_factor_receptor_3,0.9824561403508772,0.9827586206896552,SVC,Kinase,py35
flap_endonuclease_1,0.9824561403508772,0.9827586206896552,SVC,Enzyme,py27
focal_adhesion_kinase_1,0.981132075471698,0.9993215739484396,SVC,Kinase,py27
folate_receptor_alpha,1.0,1.0,XGBClassifier,Other,py27
folate_receptor_beta,0.8,0.8333333333333333,XGBClassifier,Other,py35
folate_transporter_1,1.0,1.0,XGBClassifier,Transporter,py35
folylpolyglutamate_synthase_mitochondrial,0.8571428571428571,0.875,XGBClassifier,Other,py35
free_fatty_acid_receptor_1,0.9873417721518988,0.9998646209386282,XGBClassifier,GPCR,py35
fructose_1_6_bisphosphatase_1,0.9696969696969696,0.9995235394214408,XGBClassifier,Other,py27
furin,0.979757085020243,0.9915108092905206,MLPClassifier,Enzyme,py27
g2_mitotic_specific_cyclin_b3,0.9397590361445782,0.9998110355253212,XGBClassifier,Other,py27
galectin_34,0.979591836734694,0.9862836467298942,MLPClassifier,Other,py35
gamma_aminobutyric_acid_receptor_subunit_alpha_1,0.8055555555555555,0.9946248922104052,XGBClassifier,IC,py35
gamma_aminobutyric_acid_receptor_subunit_alpha_2,0.875,0.9763429384560656,XGBClassifier,IC,py35
gamma_aminobutyric_acid_receptor_subunit_alpha_3,0.9795918367346941,0.98,SVC,IC,py35
gamma_aminobutyric_acid_receptor_subunit_alpha_4,0.6,0.9741784037558686,XGBClassifier,IC,py35
gamma_aminobutyric_acid_receptor_subunit_alpha_5,0.9655172413793104,0.9995532262221841,XGBClassifier,IC,py35
gamma_aminobutyric_acid_receptor_subunit_alpha_6,0.9765625,0.9806546044510279,MLPClassifier,IC,py35
gamma_aminobutyric_acid_receptor_subunit_beta_1,0.7499999999999999,0.920754716981132,XGBClassifier,IC,py35
gamma_aminobutyric_acid_receptor_subunit_beta_2,0.6666666666666665,0.989351851851852,XGBClassifier,IC,py35
gamma_aminobutyric_acid_receptor_subunit_beta_3,0.9748743718592964,0.980053761290728,SVC,IC,py35
gamma_aminobutyric_acid_receptor_subunit_delta,0.75,0.975,XGBClassifier,IC,py35
gamma_aminobutyric_acid_receptor_subunit_epsilon,0.3333333333333333,0.9535864978902954,XGBClassifier,IC,py35
gamma_aminobutyric_acid_receptor_subunit_gamma_1,0.5,0.9758064516129032,XGBClassifier,IC,py35
gamma_aminobutyric_acid_receptor_subunit_gamma_2,0.631578947368421,0.9657878217200252,XGBClassifier,IC,py35
gamma_aminobutyric_acid_receptor_subunit_gamma_3,0.6666666666666665,0.9836065573770492,XGBClassifier,IC,py35
gamma_aminobutyric_acid_receptor_subunit_pi,0.6666666666666666,0.9620253164556962,XGBClassifier,IC,py35
gamma_aminobutyric_acid_receptor_subunit_rho_1,1.0,1.0,XGBClassifier,IC,py35
gamma_aminobutyric_acid_receptor_subunit_theta,0.5714285714285715,0.9578059071729956,XGBClassifier,IC,py35
gastricsin,1.0,1.0,XGBClassifier,Enzyme,py35
gastrin_cholecystokinin_type_b_receptor,0.9918699186991872,0.9999041840970064,XGBClassifier,Other,py27
geranylgeranyl_pyrophosphate_synthase,1.0,1.0,XGBClassifier,Enzyme,py35
geranylgeranyl_transferase_type_1_subunit_beta,0.9748110831234256,0.9870037092061716,MLPClassifier,Enzyme,py35
glucagon_receptor,0.9956709956709956,0.9998790684817912,XGBClassifier,GPCR,py35
glucagon,0.9738562091503268,0.9745222929936306,RandomForestClassifier,Other,py35
glucocorticoid_receptor,0.9751552795031057,0.9983148985940914,XGBClassifier,NR,py27
glucokinase_regulatory_protein,0.9726027397260274,0.9795263123171992,MLPClassifier,Enzyme,py27
glucokinase,0.9655172413793104,0.9991820040899796,XGBClassifier,Kinase,py35
glucose_dependent_insulinotropic_receptor,1.0,1.0,XGBClassifier,GPCR,py35
glucosylceramidase,0.9428571428571428,0.9739051309146411,XGBClassifier,Enzyme,py35
glutamate_carboxypeptidase_2,0.9724770642201834,0.9815487852664576,SVC,Enzyme,py27
glutamate_receptor_1,0.9714285714285714,0.9991423670668952,MLPClassifier,IC,py35
glutamate_receptor_2,0.9666666666666668,0.9998592342342344,XGBClassifier,IC,py35
glutamate_receptor_3,0.75,0.9692307692307692,XGBClassifier,IC,py35
glutamate_receptor_4,0.9705882352941176,0.9714285714285714,RandomForestClassifier,IC,py35
glutamate_receptor_ionotropic_kainate_1,1.0,1.0,XGBClassifier,Other,py27
glutamate_receptor_ionotropic_kainate_2,0.9696969696969696,0.999000499750125,SVC,Other,py27
glutamate_receptor_ionotropic_kainate_3,0.8888888888888891,0.9771929824561404,XGBClassifier,Other,py35
glutamate_receptor_ionotropic_kainate_5,0.8888888888888891,0.9,XGBClassifier,Other,py27
glutamate_receptor_ionotropic_nmda_1,0.968944099378882,0.9869495412844036,MLPClassifier,Other,py27
glutamate_receptor_ionotropic_nmda_2b,0.967032967032967,0.9779423982276378,MLPClassifier,Other,py27
glutaminase_kidney_isoform_mitochondrial,1.0,1.0,XGBClassifier,Other,py35
glutaminyl_peptide_cyclotransferase,0.9669421487603306,0.9791484844910956,MLPClassifier,Enzyme,py27
glutamyl_aminopeptidase,1.0,1.0,XGBClassifier,Enzyme,py27
glutathione_s_transferase_a1,0.7499999999999999,1.0,XGBClassifier,Enzyme,py35
glutathione_s_transferase_mu_2,1.0,1.0,XGBClassifier,Enzyme,py35
glutathione_s_transferase_p,1.0,1.0,XGBClassifier,Enzyme,py27
glycine_receptor_subunit_alpha_1,0.5714285714285715,0.9457964601769911,XGBClassifier,IC,py35
glycogen_phosphorylase_liver_form,0.9663865546218487,0.9907487661008788,MLPClassifier,Other,py27
glycogen_phosphorylase_muscle_form,0.9652042360060514,0.9827652053151532,MLPClassifier,Other,py27
glycogen_starch_synthase_muscle,1.0,1.0,XGBClassifier,Other,py27
glycylpeptide_n_tetradecanoyltransferase_1,0.9651741293532338,0.9707260322706512,MLPClassifier,Enzyme,py27
granzyme_b,0.8888888888888891,1.0,XGBClassifier,Enzyme,py35
group_10_secretory_phospholipase_a2,0.9638554216867472,0.9871031236628156,MLPClassifier,Enzyme,py27
group_iie_secretory_phospholipase_a2,0.8571428571428571,0.875,XGBClassifier,Enzyme,py35
growth_factor_receptor_bound_protein_2,1.0,1.0,XGBClassifier,Other,py27
growth_hormone_secretagogue_receptor_type_1,0.936842105263158,0.9975908420832827,XGBClassifier,GPCR,py35
g_protein_coupled_bile_acid_receptor_1,0.967741935483871,0.9853399241603468,XGBClassifier,GPCR,py35
g_protein_coupled_receptor_35,0.9090909090909092,0.9990783410138248,XGBClassifier,GPCR,py27
g_protein_coupled_receptor_4,1.0,1.0,XGBClassifier,GPCR,py27
g_protein_coupled_receptor_55,1.0,1.0,XGBClassifier,GPCR,py35
heat_shock_protein_75_kda_mitochondrial,0.5,0.5625,XGBClassifier,Other,py35
heat_shock_protein_hsp_90_alpha,0.962962962962963,0.9843874990598998,SVC,Other,py27
heat_shock_protein_hsp_90_beta,0.9473684210526316,0.9990953337313864,XGBClassifier,Other,py27
hematopoietic_prostaglandin_d_synthase,0.9032258064516128,0.9936823104693142,XGBClassifier,Enzyme,py35
heparanase,0.9629629629629628,0.9868127147766323,MLPClassifier,Enzyme,py35
hepatic_triacylglycerol_lipase,1.0,1.0,XGBClassifier,Enzyme,py27
hepatocyte_growth_factor_activator,1.0,1.0,XGBClassifier,Enzyme,py35
hepatocyte_growth_factor_receptor,0.981443298969072,0.9996835145910766,XGBClassifier,Kinase,py27
high_affinity_camp_specific_3_5_cyclic_phosphodiesterase_7a,0.9617486338797814,0.9913249211356466,XGBClassifier,Other,py27
high_affinity_camp_specific_and_ibmx_insensitive_3_5_cyclic_phosphodiesterase_8b,0.9615384615384616,0.962962962962963,MLPClassifier,Other,py27
high_affinity_cgmp_specific_3_5_cyclic_phosphodiesterase_9a,0.9850746268656716,0.998297801093872,XGBClassifier,Other,py27
high_affinity_nerve_growth_factor_receptor,0.946808510638298,0.9995616041476059,XGBClassifier,Kinase,py27
histamine_h1_receptor,0.9154228855721394,0.9920618925424652,XGBClassifier,GPCR,py35
histamine_h2_receptor,0.9610389610389608,0.9625,RandomForestClassifier,GPCR,py27
histamine_h3_receptor,0.958041958041958,0.9985721373351212,XGBClassifier,GPCR,py27
histamine_h4_receptor,0.9528301886792452,0.9992789162397434,XGBClassifier,GPCR,py35
histone_acetyltransferase_p300,0.5,0.9561403508771932,XGBClassifier,Epigenetic,py35
histone_arginine_methyltransferase_carm1,0.75,0.8948497854077253,XGBClassifier,Epigenetic,py35
histone_deacetylase_10,0.9666666666666666,0.9925064798419176,XGBClassifier,Epigenetic,py27
histone_deacetylase_11,0.9130434782608696,0.9942368742368743,XGBClassifier,Epigenetic,py27
histone_deacetylase_1,0.9699769053117784,0.9982193782506816,XGBClassifier,Epigenetic,py27
histone_deacetylase_2,0.9555555555555556,0.9937550104216768,XGBClassifier,Epigenetic,py27
histone_deacetylase_3,0.95,0.9979639692769984,XGBClassifier,Epigenetic,py27
histone_deacetylase_4,0.9022556390977444,0.999061809863646,XGBClassifier,Epigenetic,py27
histone_deacetylase_5,0.9375,0.9960649783069316,XGBClassifier,Epigenetic,py27
histone_deacetylase_6,0.9658886894075404,0.9994244551846736,XGBClassifier,Epigenetic,py27
histone_deacetylase_7,0.9606299212598424,0.9760986781076068,SVC,Epigenetic,py27
histone_deacetylase_8,0.9421487603305784,0.9960139164260566,XGBClassifier,Epigenetic,py27
histone_deacetylase_9,0.8947368421052632,0.9879742547425474,XGBClassifier,Epigenetic,py27
histone_lysine_n_methyltransferase_ehmt2,0.9411764705882352,0.991898148148148,XGBClassifier,Epigenetic,py35
histone_lysine_n_methyltransferase_ezh2,0.9605263157894736,0.9923076145007282,MLPClassifier,Epigenetic,py27
histone_lysine_n_methyltransferase_h3_lysine_79_specific,0.96,0.9990671641791044,MLPClassifier,Other,py27
histone_lysine_n_methyltransferase_smyd3,0.8571428571428571,1.0,XGBClassifier,Epigenetic,py35
hormone_sensitive_lipase,0.9708737864077672,0.9833465503568596,XGBClassifier,Enzyme,py27
hydroxycarboxylic_acid_receptor_2,0.9803921568627452,0.9999550157444896,XGBClassifier,GPCR,py35
hypoxanthine_guanine_phosphoribosyltransferase,0.7499999999999999,0.8,XGBClassifier,Enzyme,py27
hypoxia_inducible_factor_1_alpha,0.96,0.9990138067061144,SVC,TF,py35
igg_receptor_fcrn_large_subunit_p51,1.0,1.0,XGBClassifier,Other,py35
ileal_sodium_bile_acid_cotransporter,0.96,0.9793894993894994,SVC,Other,py27
indoleamine_2_3_dioxygenase_1,0.8727272727272728,0.9808729496802892,XGBClassifier,Other,py27
induced_myeloid_leukemia_cell_differentiation_protein_mcl_1,0.9770992366412214,0.9986182407657572,XGBClassifier,Other,py27
inhibitor_of_nuclear_factor_kappa_b_kinase_subunit_alpha,1.0,1.0,XGBClassifier,Kinase,py35
inhibitor_of_nuclear_factor_kappa_b_kinase_subunit_beta,0.96,0.9794110718492344,MLPClassifier,Kinase,py27
inhibitor_of_nuclear_factor_kappa_b_kinase_subunit_epsilon,0.9581993569131834,0.9711185067650804,MLPClassifier,Kinase,py27
inosine_5_monophosphate_dehydrogenase_1,0.9777777777777776,0.999010452099697,XGBClassifier,Enzyme,py27
inosine_5_monophosphate_dehydrogenase_2,0.9853658536585368,0.9999569121524966,XGBClassifier,Enzyme,py27
insulin_degrading_enzyme,0.8571428571428571,1.0,XGBClassifier,Enzyme,py35
insulin_like_growth_factor_1_receptor,0.9841269841269842,0.9997949421777548,XGBClassifier,Kinase,py27
insulin_like_growth_factor_binding_protein_3,0.9565217391304348,0.9773882692161772,SVC,Other,py27
insulin_receptor,0.8421052631578948,0.9956989247311828,XGBClassifier,Kinase,py27
integrin_alpha_v,1.0,1.0,XGBClassifier,Other,py35
intercellular_adhesion_molecule_1,1.0,1.0,XGBClassifier,Other,py35
interleukin_1_receptor_associated_kinase_4,0.923076923076923,0.9985991536553334,XGBClassifier,Kinase,py27
interleukin_2,0.7499999999999999,0.9964912280701754,XGBClassifier,Other,py35
interleukin_8,0.9565217391304348,0.9990421455938696,SVC,Other,py35
intermediate_conductance_calcium_activated_potassium_channel_protein_4,0.7777777777777778,0.8072763028515241,XGBClassifier,IC,py35
interstitial_collagenase,0.9772727272727272,0.9997819368131868,XGBClassifier,Enzyme,py27
isocitrate_dehydrogenase_nadp_cytoplasmic,0.9565217391304348,0.9583333333333331,RandomForestClassifier,Other,py27
isoleucine_trna_ligase_cytoplasmic,1.0,1.0,XGBClassifier,Other,py35
kallikrein_1,0.9565217391304348,0.9583333333333331,MLPClassifier,Enzyme,py27
kappa_type_opioid_receptor,0.9736477115117892,0.9995814910397278,XGBClassifier,GPCR,py35
kelch_like_ech_associated_protein_1,0.5714285714285715,0.760752688172043,XGBClassifier,Other,py35
kinesin_like_protein_kifc1,1.0,1.0,XGBClassifier,Other,py35
kininogen_1,1.0,1.0,XGBClassifier,Other,py27
kiss_1_receptor,0.9565217391304348,0.9709668909114892,MLPClassifier,GPCR,py35
kynurenine_3_monooxygenase,0.8888888888888888,0.996929089893914,XGBClassifier,Enzyme,py27
kynurenine_alpha_aminoadipate_aminotransferase_mitochondrial,0.9473684210526316,1.0,XGBClassifier,Other,py27
lactoylglutathione_lyase,0.9090909090909092,0.9981651376146792,XGBClassifier,Enzyme,py27
lanosterol_14_alpha_demethylase,0.6666666666666666,0.992248062015504,XGBClassifier,Enzyme,py35
lanosterol_synthase,0.955223880597015,0.983945142481728,MLPClassifier,Enzyme,py35
legumain,1.0,1.0,XGBClassifier,Enzyme,py27
lethal_3_malignant_brain_tumor_like_protein_3,0.9545454545454548,0.9696616866908752,MLPClassifier,Other,py27
leucine_rich_repeat_serine_threonine_protein_kinase_2,0.9684210526315792,0.9990191582594518,XGBClassifier,Other,py27
leucyl_cystinyl_aminopeptidase,0.954248366013072,0.9657653118351808,RandomForestClassifier,Enzyme,py27
leukotriene_a_4_hydrolase,0.9528795811518324,0.9594337799008574,MLPClassifier,Enzyme,py27
leukotriene_b4_receptor_1,0.9508196721311476,0.9993072208899548,XGBClassifier,GPCR,py35
lim_domain_kinase_1,0.8750000000000001,0.9904586026469684,XGBClassifier,Kinase,py27
lim_domain_kinase_2,0.9523809523809524,0.9545454545454546,RandomForestClassifier,Kinase,py27
liver_carboxylesterase_1,0.9491525423728816,0.9998310810810812,XGBClassifier,Enzyme,py27
long_chain_fatty_acid_transport_protein_1,1.0,1.0,XGBClassifier,Transporter,py27
low_affinity_immunoglobulin_epsilon_fc_receptor,1.0,1.0,XGBClassifier,Other,py35
low_affinity_sodium_glucose_cotransporter,0.9523809523809524,0.9989059080962801,SVC,Other,py35
lysine_specific_demethylase_2a,0.6,0.8543859649122808,XGBClassifier,Epigenetic,py35
lysine_specific_demethylase_4a,0.9411764705882352,0.9996408045977012,XGBClassifier,Epigenetic,py27
lysine_specific_demethylase_4b,0.9523809523809524,0.9545454545454546,MLPClassifier,Epigenetic,py35
lysine_specific_demethylase_4c,0.8421052631578948,0.9636015325670498,XGBClassifier,Epigenetic,py27
lysine_specific_demethylase_4d,0.8,0.9915611814345991,XGBClassifier,Epigenetic,py35
lysine_specific_demethylase_4e,0.7142857142857143,0.9982456140350878,XGBClassifier,Epigenetic,py35
lysine_specific_demethylase_5a,0.6,0.9942307692307693,XGBClassifier,TF; Epigenetic,py35
lysine_specific_demethylase_5b,0.9523809523809524,0.9545454545454546,RandomForestClassifier,TF; Epigenetic,py35
lysine_specific_demethylase_5c,0.9523809523809524,0.9989270386266094,MLPClassifier,TF; Epigenetic,py35
lysine_specific_demethylase_6b,0.6666666666666666,0.9154929577464792,XGBClassifier,Epigenetic,py27
lysine_specific_histone_demethylase_1a,0.9438202247191012,0.999848132023894,XGBClassifier,Epigenetic,py27
lysine_trna_ligase,0.9523809523809524,0.9989224137931034,MLPClassifier,Other,py27
lysophosphatidic_acid_receptor_1,1.0,1.0,XGBClassifier,GPCR,py27
lysophosphatidic_acid_receptor_2,0.949640287769784,0.952054794520548,RandomForestClassifier,GPCR,py35
lysophosphatidic_acid_receptor_3,1.0,1.0,XGBClassifier,GPCR,py35
lysophosphatidic_acid_receptor_4,1.0,1.0,XGBClassifier,GPCR,py35
lysophosphatidic_acid_receptor_5,1.0,1.0,XGBClassifier,GPCR,py35
lysosomal_alpha_glucosidase,0.6666666666666666,0.8275193798449612,XGBClassifier,Enzyme,py35
lysosomal_protective_protein,1.0,1.0,XGBClassifier,Enzyme,py27
lysosomal_pro_x_carboxypeptidase,0.9487179487179488,0.9512195121951221,RandomForestClassifier,Enzyme,py27
l_lactate_dehydrogenase_a_chain,0.9444444444444444,1.0,XGBClassifier,Enzyme,py27
l_lactate_dehydrogenase_b_chain,0.8888888888888891,1.0,XGBClassifier,Enzyme,py35
macrophage_colony_stimulating_factor_1_receptor,0.9257142857142858,0.9988808962405296,XGBClassifier,Kinase,py27
macrophage_metalloelastase,0.9473684210526316,0.95,SVC,Enzyme,py27
macrophage_migration_inhibitory_factor,0.75,0.9569444444444444,XGBClassifier,Other,py35
macrophage_stimulating_protein_receptor,0.923076923076923,1.0,XGBClassifier,Kinase,py27
malonyl_coa_decarboxylase_mitochondrial,0.9473684210526316,0.95,SVC,Other,py27
maltase_glucoamylase_intestinal,1.0,1.0,XGBClassifier,Other,py27
map_kinase_activated_protein_kinase_2,0.9705882352941176,0.9992374727668843,XGBClassifier,Kinase,py27
map_kinase_interacting_serine_threonine_protein_kinase_1,0.5714285714285715,0.9883720930232558,XGBClassifier,Other,py35
map_kinase_interacting_serine_threonine_protein_kinase_2,0.9473684210526316,0.9985250737463126,SVC,Other,py35
mast_stem_cell_growth_factor_receptor_kit,0.9473684210526316,0.95,MLPClassifier,Other,py35
maternal_embryonic_leucine_zipper_kinase,0.9852941176470588,0.9985562970006904,XGBClassifier,Kinase,py27
matrilysin,0.9647058823529412,0.9986807807235044,XGBClassifier,Enzyme,py27
matrix_metalloproteinase_14,0.9473684210526316,0.9555107425909928,MLPClassifier,Enzyme,py27
matrix_metalloproteinase_15,0.8571428571428571,1.0,XGBClassifier,Enzyme,py35
matrix_metalloproteinase_16,0.9473684210526316,0.9776981137563444,SVC,Enzyme,py27
matrix_metalloproteinase_9,0.9669749009247028,0.999477370597862,XGBClassifier,Enzyme,py27
melanin_concentrating_hormone_receptor_1,0.9884467265725292,0.9994686727367474,XGBClassifier,GPCR,py27
melanin_concentrating_hormone_receptor_2,1.0,1.0,XGBClassifier,GPCR,py35
melanocortin_receptor_3,0.8695652173913043,0.9929363376251789,XGBClassifier,GPCR,py35
melanocortin_receptor_4,0.9883449883449884,0.9998207606993568,XGBClassifier,GPCR,py35
melanocortin_receptor_5,0.9454545454545454,0.9482758620689656,RandomForestClassifier,GPCR,py35
melanocyte_stimulating_hormone_receptor,0.9453125,0.9481481481481482,RandomForestClassifier,GPCR,py35
melatonin_receptor_type_1a,0.9411764705882352,0.9697079536039768,MLPClassifier,GPCR,py35
melatonin_receptor_type_1b,0.9782608695652174,0.9999611908585068,XGBClassifier,GPCR,py35
membrane_bound_transcription_factor_site_1_protease,0.9090909090909092,0.9956140350877192,XGBClassifier,Enzyme,py35
membrane_metallo_endopeptidase_like_1,0.9411764705882352,0.9444444444444444,MLPClassifier,Enzyme,py27
membrane_primary_amine_oxidase,0.9180327868852458,0.9981452967525196,XGBClassifier,Enzyme,py35
menin,0.9090909090909092,0.9994620763851532,XGBClassifier,Other,py35
metabotropic_glutamate_receptor_1,0.9444444444444444,0.9982302246845184,XGBClassifier,GPCR,py35
metabotropic_glutamate_receptor_2,0.9411764705882352,0.9444444444444444,RandomForestClassifier,GPCR,py35
metabotropic_glutamate_receptor_3,1.0,1.0,XGBClassifier,GPCR,py35
metabotropic_glutamate_receptor_4,0.9411764705882352,0.9444444444444444,RandomForestClassifier,GPCR,py35
metabotropic_glutamate_receptor_5,0.9512195121951221,0.9991290556391212,XGBClassifier,GPCR,py35
methionine_aminopeptidase_1,0.9387755102040816,0.977770018621974,SVC,Enzyme,py27
methionine_aminopeptidase_2,0.9733333333333332,0.9999726668415988,XGBClassifier,Enzyme,py27
methionine_trna_ligase_cytoplasmic,0.9387755102040816,0.9777854511970536,SVC,Other,py27
methylated_dna_protein_cysteine_methyltransferase,1.0,1.0,XGBClassifier,Other,py27
microsomal_triglyceride_transfer_protein_large_subunit,0.9387755102040816,0.9423076923076924,RandomForestClassifier,Other,py27
microtubule_associated_protein_2,1.0,1.0,XGBClassifier,Other,py27
microtubule_associated_protein_tau,0.8488745980707395,0.9915410921870776,XGBClassifier,Other,py27
mineralocorticoid_receptor,0.9333333333333332,0.9968652037617556,XGBClassifier,NR,py35
mitogen_activated_protein_kinase_10,0.9315068493150684,0.9997378768020972,XGBClassifier,Kinase,py27
mitogen_activated_protein_kinase_11,0.9387755102040816,0.9423076923076924,RandomForestClassifier,Kinase,py27
mitogen_activated_protein_kinase_13,0.9384615384615386,0.9420289855072465,RandomForestClassifier,Kinase,py27
mitogen_activated_protein_kinase_14,0.95,0.9980546856179234,XGBClassifier,Kinase,py27
mitogen_activated_protein_kinase_1,0.9969418960244648,0.9999988782283186,XGBClassifier,Kinase,py27
mitogen_activated_protein_kinase_3,1.0,1.0,XGBClassifier,Kinase,py35
mitogen_activated_protein_kinase_8,0.9708737864077672,0.9997855894681548,XGBClassifier,Kinase,py27
mitogen_activated_protein_kinase_9,0.9375,0.9273145780051152,XGBClassifier,Kinase,py35
mitogen_activated_protein_kinase_kinase_kinase_11,0.7272727272727273,0.9945255474452556,XGBClassifier,Kinase,py35
mitogen_activated_protein_kinase_kinase_kinase_12,1.0,1.0,XGBClassifier,Kinase,py27
mitogen_activated_protein_kinase_kinase_kinase_14,1.0,1.0,XGBClassifier,Kinase,py35
mitogen_activated_protein_kinase_kinase_kinase_19,0.8571428571428571,0.9925,XGBClassifier,Kinase,py35
mitogen_activated_protein_kinase_kinase_kinase_5,0.9375,0.9678474729241876,SVC,Kinase,py35
mitogen_activated_protein_kinase_kinase_kinase_7,0.9370629370629372,0.9583029071842316,MLPClassifier,Kinase,py27
mitogen_activated_protein_kinase_kinase_kinase_8,1.0,1.0,XGBClassifier,Kinase,py27
mitogen_activated_protein_kinase_kinase_kinase_9,0.6666666666666666,0.9919354838709676,XGBClassifier,Kinase,py35
mitogen_activated_protein_kinase_kinase_kinase_kinase_4,0.9361702127659574,0.9577352472089312,MLPClassifier,Kinase,py35
monocarboxylate_transporter_1,1.0,1.0,XGBClassifier,Transporter,py27
monoglyceride_lipase,0.9333333333333332,0.9375,MLPClassifier,Enzyme,py27
multidrug_and_toxin_extrusion_protein_1,0.0,0.8294573643410852,XGBClassifier,Transporter,py35
multidrug_resistance_associated_protein_1,1.0,1.0,XGBClassifier,Transporter,py27
multidrug_resistance_protein_1,0.915966386554622,0.9976182103008407,XGBClassifier,Transporter,py27
muscarinic_acetylcholine_receptor_m1,0.9333333333333332,0.9375,RandomForestClassifier,GPCR,py35
muscarinic_acetylcholine_receptor_m2,0.9272030651340996,0.9930356222546084,XGBClassifier,GPCR,py35
muscarinic_acetylcholine_receptor_m3,0.9428571428571428,0.9987695528610192,XGBClassifier,GPCR,py35
muscarinic_acetylcholine_receptor_m4,0.8378378378378379,0.9418127147766322,XGBClassifier,GPCR,py35
muscarinic_acetylcholine_receptor_m5,0.918032786885246,0.9841570703097059,XGBClassifier,GPCR,py35
mu_type_opioid_receptor,0.9333333333333332,0.9375,RandomForestClassifier,GPCR,py35
myeloperoxidase,0.9696969696969696,0.9842328684050942,XGBClassifier,Enzyme,py27
m_phase_inducer_phosphatase_1,0.25,0.7208029197080291,XGBClassifier,Enzyme,py35
m_phase_inducer_phosphatase_2,0.9333333333333332,0.9375,RandomForestClassifier,Enzyme,py35
nadph_oxidase_4,0.8888888888888888,0.9994891443167304,XGBClassifier,Enzyme,py35
nad_dependent_protein_deacetylase_sirtuin_1,0.9333333333333332,0.9984662576687116,SVC,Epigenetic,py27
nad_dependent_protein_deacetylase_sirtuin_2,0.9589041095890412,0.9991580365412142,XGBClassifier,Epigenetic,py35
nad_dependent_protein_deacetylase_sirtuin_3_mitochondrial,0.9285714285714286,0.9633260213874416,MLPClassifier,Other,py27
nad_p_h_dehydrogenase_quinone_1,0.9268292682926828,0.9975409836065572,SVC,Other,py27
natriuretic_peptides_a,1.0,1.0,XGBClassifier,Other,py35
natural_resistance_associated_macrophage_protein_2,0.9230769230769232,0.9721217105263156,MLPClassifier,Transporter,py35
neprilysin,0.923076923076923,0.9285714285714286,MLPClassifier,Enzyme,py27
neurogenic_locus_notch_homolog_protein_1,1.0,1.0,XGBClassifier,Other,py35
neurogenic_locus_notch_homolog_protein_3,1.0,1.0,XGBClassifier,Other,py35
neuromedin_k_receptor,0.981132075471698,0.9978819567529243,XGBClassifier,GPCR,py35
neuronal_acetylcholine_receptor_subunit_alpha_3,0.8,0.9882629107981221,XGBClassifier,IC,py35
neuronal_acetylcholine_receptor_subunit_alpha_4,0.983050847457627,0.9999705275567344,XGBClassifier,IC,py35
neuropeptide_ff_receptor_1,0.7499999999999999,0.805298013245033,XGBClassifier,GPCR,py27
neuropeptide_ff_receptor_2,1.0,1.0,XGBClassifier,GPCR,py35
neuropeptide_s_receptor,1.0,1.0,XGBClassifier,GPCR,py35
neuropeptide_y_receptor_type_1,1.0,1.0,XGBClassifier,GPCR,py35
neuropeptide_y_receptor_type_2,0.923076923076923,0.9285714285714286,RandomForestClassifier,GPCR,py35
neuropeptide_y_receptor_type_4,1.0,1.0,XGBClassifier,GPCR,py27
neuropeptide_y_receptor_type_5,0.9568106312292358,0.9970771343850686,XGBClassifier,GPCR,py35
neurotensin_receptor_type_1,1.0,1.0,XGBClassifier,GPCR,py35
neurotensin_receptor_type_2,1.0,1.0,XGBClassifier,GPCR,py27
neutral_cholesterol_ester_hydrolase_1,1.0,1.0,XGBClassifier,Enzyme,py35
neutrophil_collagenase,0.9714285714285714,0.9995965138799224,XGBClassifier,Enzyme,py27
neutrophil_elastase,0.9429280397022332,0.9877227214598256,XGBClassifier,Enzyme,py27
nicotinamide_phosphoribosyltransferase,0.923076923076923,0.9285714285714286,RandomForestClassifier,Enzyme,py27
niemann_pick_c1_like_protein_1,0.923076923076923,0.9285714285714286,MLPClassifier,Other,py35
nischarin,0.9117647058823528,0.9498075741405518,XGBClassifier,Other,py27
nitric_oxide_synthase_endothelial,0.7999999999999999,0.9967607383741568,XGBClassifier,Other,py27
nitric_oxide_synthase_inducible,0.9047619047619048,0.9949847765945938,XGBClassifier,Other,py27
nociceptin_receptor,0.9758713136729222,0.9997893790230972,XGBClassifier,GPCR,py35
non_lysosomal_glucosylceramidase,0.983050847457627,1.0,XGBClassifier,Enzyme,py27
non_receptor_tyrosine_protein_kinase_tyk2,0.9189189189189187,0.925,RandomForestClassifier,Kinase,py35
nt_3_growth_factor_receptor,0.9166666666666666,0.9979123173277662,SVC,Kinase,py35
nuclear_receptor_ror_gamma,0.9579831932773109,0.9995835458099608,XGBClassifier,NR,py35
nuclear_receptor_subfamily_1_group_i_member_2,0.8571428571428571,0.9961240310077522,XGBClassifier,NR,py35
nuclear_receptor_subfamily_1_group_i_member_3,0.8571428571428571,0.8942307692307692,XGBClassifier,NR,py35
nucleotide_binding_oligomerization_domain_containing_protein_2,1.0,1.0,XGBClassifier,Other,py35
n_acetylated_alpha_linked_acidic_dipeptidase_2,1.0,1.0,XGBClassifier,Enzyme,py35
n_acylethanolamine_hydrolyzing_acid_amidase,1.0,1.0,XGBClassifier,Enzyme,py27
n_lysine_methyltransferase_smyd2,0.5454545454545454,1.0,XGBClassifier,Epigenetic,py35
opioid_growth_factor_receptor_like_protein_1,0.9142857142857144,0.9688057040998218,SVC,Other,py35
orexin_receptor_type_1,0.9642857142857142,0.9961619916951048,XGBClassifier,GPCR,py35
orexin_receptor_type_2,0.9823529411764704,0.9999160221857668,XGBClassifier,GPCR,py35
oxysterols_receptor_lxr_alpha,0.9347826086956522,0.9857047236565308,XGBClassifier,NR,py35
oxysterols_receptor_lxr_beta,0.9516129032258064,0.9997085964060224,XGBClassifier,NR,py35
oxytocin_receptor,0.99009900990099,0.9998765333226552,XGBClassifier,GPCR,py35
p2x_purinoceptor_3,0.9970326409495548,0.9999759871771524,XGBClassifier,IC,py27
p2x_purinoceptor_7,0.9849749582637728,0.9985385495871149,XGBClassifier,IC,py27
p2y_purinoceptor_12,0.9855072463768116,0.9989516980890496,XGBClassifier,GPCR,py35
p2y_purinoceptor_1,0.9142857142857144,0.943616629874908,MLPClassifier,GPCR,py35
p2y_purinoceptor_4,1.0,1.0,XGBClassifier,GPCR,py35
p2y_purinoceptor_6,1.0,1.0,XGBClassifier,GPCR,py35
palmitoleoyl_protein_carboxylesterase_notum,0.9130434782608696,0.9368093922651934,MLPClassifier,Enzyme,py35
parathyroid_hormone_parathyroid_hormone_related_peptide_receptor,0.75,0.8709349593495934,XGBClassifier,Other,py35
peptide_deformylase_mitochondrial,1.0,1.0,XGBClassifier,Other,py27
peptidyl_prolyl_cis_trans_isomerase_a,0.9565217391304348,0.999874521613652,XGBClassifier,Enzyme,py35
peptidyl_prolyl_cis_trans_isomerase_fkbp1a,0.9746835443037976,0.9997891978122152,XGBClassifier,Enzyme,py27
peptidyl_prolyl_cis_trans_isomerase_fkbp5,0.6666666666666665,0.9962264150943396,XGBClassifier,Enzyme,py35
peptidyl_prolyl_cis_trans_isomerase_nima_interacting_1,0.8333333333333333,0.9516736865440036,XGBClassifier,Enzyme,py27
peregrin,0.9523809523809524,0.922490208204494,XGBClassifier,Epigenetic,py27
perforin_1,0.9333333333333332,0.9984639016897082,XGBClassifier,Other,py27
period_circadian_protein_homolog_2,1.0,1.0,XGBClassifier,Other,py35
peroxisome_proliferator_activated_receptor_alpha,0.9130434782608696,0.9552128386068748,MLPClassifier,NR,py35
peroxisome_proliferator_activated_receptor_delta,0.9931972789115648,0.9999945663395604,XGBClassifier,NR,py35
peroxisome_proliferator_activated_receptor_gamma,0.9836065573770492,0.9961839439319612,XGBClassifier,NR,py27
phenylethanolamine_n_methyltransferase,0.8571428571428572,0.9980842911877394,XGBClassifier,Enzyme,py27
phosphatidylinositol_4_5_bisphosphate_3_kinase_catalytic_subunit_alpha_isoform,0.9130434782608696,0.9552732996797482,MLPClassifier,Other,py27
phosphatidylinositol_4_5_bisphosphate_3_kinase_catalytic_subunit_beta_isoform,0.9117647058823528,0.9482349961099352,MLPClassifier,Other,py27
phosphatidylinositol_4_5_bisphosphate_3_kinase_catalytic_subunit_delta_isoform,0.9162995594713657,0.9963403225548207,XGBClassifier,Other,py27
phosphatidylinositol_4_5_bisphosphate_3_kinase_catalytic_subunit_gamma_isoform,0.916030534351145,0.9926992073425116,XGBClassifier,Other,py27
phosphatidylinositol_4_kinase_alpha,1.0,1.0,XGBClassifier,Kinase,py35
phosphoethanolamine_phosphocholine_phosphatase,0.9090909090909092,0.9166666666666669,SVC,Other,py27
phospholipase_a2_membrane_associated,0.9333333333333332,0.9944492879976752,XGBClassifier,Other,py27
phospholipase_a2,1.0,1.0,XGBClassifier,Enzyme,py27
phospholipase_d1,0.972972972972973,0.9818809318377912,XGBClassifier,Enzyme,py35
phospholipase_d2,1.0,1.0,XGBClassifier,Enzyme,py35
plasma_kallikrein,0.967741935483871,0.999833578342995,XGBClassifier,Enzyme,py27
plasminogen_activator_inhibitor_1,0.9090909090909092,0.9166666666666669,RandomForestClassifier,Other,py27
platelet_activating_factor_acetylhydrolase,0.9848484848484848,1.0,XGBClassifier,Enzyme,py27
platelet_activating_factor_receptor,0.9090909090909092,0.9528272414870352,MLPClassifier,GPCR,py35
poly_adp_ribose_polymerase_1,0.9809264305177112,0.9993780437468393,XGBClassifier,Other,py27
poly_adp_ribose_polymerase_2,0.9473684210526316,0.9993927125506072,XGBClassifier,Other,py27
poly_adp_ribose_polymerase_3,0.8571428571428571,0.992248062015504,XGBClassifier,Other,py35
potassium_channel_subfamily_k_member_2,0.4,0.944672131147541,XGBClassifier,IC,py35
potassium_channel_subfamily_k_member_3,0.9090909090909092,0.998031496062992,SVC,IC,py35
potassium_channel_subfamily_k_member_9,0.9090909090909092,0.9166666666666669,RandomForestClassifier,IC,py35
potassium_sodium_hyperpolarization_activated_cyclic_nucleotide_gated_channel_1,1.0,1.0,XGBClassifier,Other,py35
potassium_sodium_hyperpolarization_activated_cyclic_nucleotide_gated_channel_4,1.0,1.0,XGBClassifier,Other,py35
potassium_transporting_atpase_subunit_beta,1.0,1.0,XGBClassifier,Transporter,py35
potassium_voltage_gated_channel_subfamily_a_member_3,0.9696969696969696,1.0,XGBClassifier,IC,py35
potassium_voltage_gated_channel_subfamily_a_member_5,0.9502262443438914,0.995310157611118,XGBClassifier,IC,py35
potassium_voltage_gated_channel_subfamily_h_member_2,0.9041262135922328,0.989189128498505,XGBClassifier,IC,py35
potassium_voltage_gated_channel_subfamily_kqt_member_1,1.0,1.0,XGBClassifier,IC,py35
presenilin_1,0.5,0.9415094339622642,XGBClassifier,Enzyme,py35
probable_g_protein_coupled_receptor_139,0.6666666666666665,0.981132075471698,XGBClassifier,GPCR,py35
probable_g_protein_coupled_receptor_142,1.0,1.0,XGBClassifier,GPCR,py35
probable_g_protein_coupled_receptor_52,1.0,1.0,XGBClassifier,Other,py35
probable_g_protein_coupled_receptor_88,1.0,1.0,XGBClassifier,GPCR,py35
progesterone_receptor,0.963768115942029,0.9990474909791792,XGBClassifier,NR,py35
prolactin_releasing_peptide_receptor,0.9696969696969696,0.9972890025575448,XGBClassifier,GPCR,py35
prolyl_endopeptidase_fap,0.9053177691309988,0.9303080603939892,MLPClassifier,Enzyme,py27
prolyl_endopeptidase,0.983050847457627,1.0,XGBClassifier,Enzyme,py27
prostacyclin_receptor,0.9,0.9686192468619248,XGBClassifier,GPCR,py35
prostaglandin_d2_receptor_2,0.9945945945945946,0.9999942453108874,XGBClassifier,GPCR,py35
prostaglandin_d2_receptor,0.9051094890510948,0.9242613377331046,RandomForestClassifier,GPCR,py35
prostaglandin_e2_receptor_ep1_subtype,0.9032258064516128,0.9117647058823528,RandomForestClassifier,GPCR,py35
prostaglandin_e2_receptor_ep2_subtype,0.9268292682926828,0.9989771129011634,XGBClassifier,GPCR,py35
prostaglandin_e2_receptor_ep3_subtype,0.9861111111111112,0.999891795970482,XGBClassifier,GPCR,py35
prostaglandin_e2_receptor_ep4_subtype,1.0,1.0,XGBClassifier,GPCR,py35
prostaglandin_e_synthase_2,1.0,1.0,XGBClassifier,Enzyme,py27
prostaglandin_e_synthase,0.9492753623188404,0.992942214380238,XGBClassifier,Enzyme,py27
prostaglandin_g_h_synthase_1,0.9197080291970802,0.9985891234242156,XGBClassifier,Other,py27
prostaglandin_g_h_synthase_2,0.9613095238095236,0.9971428556333768,XGBClassifier,Other,py27
prostasin,1.0,1.0,XGBClassifier,Enzyme,py35
prostate_specific_antigen,1.0,1.0,XGBClassifier,Enzyme,py27
proteasome_subunit_beta_type_1,0.7692307692307692,0.8678380443086325,XGBClassifier,Enzyme,py27
proteasome_subunit_beta_type_2,0.9014084507042254,0.9433614119534696,SVC,Enzyme,py35
proteasome_subunit_beta_type_5,0.9638554216867472,0.99993829160303,XGBClassifier,Enzyme,py35
proteasome_subunit_beta_type_8,1.0,1.0,XGBClassifier,Enzyme,py35
proteinase_activated_receptor_1,0.8965517241379308,0.90625,SVC,GPCR,py35
protein_arginine_n_methyltransferase_1,0.8333333333333333,0.9112903225806452,XGBClassifier,Epigenetic,py35
protein_arginine_n_methyltransferase_6,0.7499999999999999,0.9205298013245032,XGBClassifier,Epigenetic,py27
protein_arginine_n_methyltransferase_8,1.0,1.0,XGBClassifier,Epigenetic,py27
protein_glutamine_gamma_glutamyltransferase_2,0.9473684210526316,0.9997644287396936,XGBClassifier,Enzyme,py27
protein_kinase_c_alpha_type,0.8898678414096917,0.9377429473961304,MLPClassifier,Kinase,py27
protein_kinase_c_beta_type,0.8888888888888891,0.9,RandomForestClassifier,Kinase,py27
protein_kinase_c_delta_type,0.9491525423728812,0.9980075159524828,XGBClassifier,Kinase,py27
protein_kinase_c_epsilon_type,0.8888888888888891,0.9,RandomForestClassifier,Kinase,py27
protein_kinase_c_eta_type,0.9473684210526316,0.9998236798025214,XGBClassifier,Kinase,py35
protein_kinase_c_gamma_type,1.0,1.0,XGBClassifier,Kinase,py27
protein_kinase_c_theta_type,0.8888888888888891,0.9,SVC,Kinase,py27
protein_mdm4,0.8571428571428571,0.8638871857755978,XGBClassifier,Other,py27
protein_o_glcnacase,0.8888888888888891,0.9,RandomForestClassifier,Enzyme,py27
protein_serine_o_palmitoleoyltransferase_porcupine,0.9411764705882352,1.0,XGBClassifier,Enzyme,py35
protein_s_isoprenylcysteine_o_methyltransferase,1.0,1.0,XGBClassifier,Enzyme,py27
protein_tyrosine_kinase_2_beta,0.7692307692307693,0.9764705882352942,XGBClassifier,Kinase,py35
protein_tyrosine_kinase_6,0.8888888888888891,0.9817164179104478,XGBClassifier,Kinase,py35
protein_wnt_3a,0.5,0.6973684210526315,XGBClassifier,Other,py35
prothrombin,0.9822380106571936,0.9996159141408528,XGBClassifier,Enzyme,py27
proton_coupled_folate_transporter,1.0,1.0,XGBClassifier,Transporter,py35
protoporphyrinogen_oxidase,0.8888888888888891,0.9983333333333334,SVC,Enzyme,py27
proto_oncogene_tyrosine_protein_kinase_ros,1.0,1.0,XGBClassifier,Kinase,py27
proto_oncogene_tyrosine_protein_kinase_src,0.9858156028368794,0.9992599901332018,XGBClassifier,Kinase,py35
pro_cathepsin_h,0.0,0.94,XGBClassifier,Enzyme,py35
purine_nucleoside_phosphorylase,0.9487179487179488,0.99960666791534,XGBClassifier,Enzyme,py35
putative_p2y_purinoceptor_10,1.0,1.0,XGBClassifier,GPCR,py35
rac_alpha_serine_threonine_protein_kinase,0.9751552795031057,0.9980374318259624,XGBClassifier,Other,py27
rac_beta_serine_threonine_protein_kinase,0.9767441860465116,0.996648215308265,XGBClassifier,Other,py27
rac_gamma_serine_threonine_protein_kinase,0.9285714285714286,0.9962287104622868,XGBClassifier,Other,py27
raf_proto_oncogene_serine_threonine_protein_kinase,0.9375,0.9998307150595884,XGBClassifier,Other,py27
receptor_interacting_serine_threonine_protein_kinase_1,0.8888888888888891,0.9,SVC,Other,py35
receptor_type_tyrosine_protein_kinase_flt3,0.900523560209424,0.9985452077431538,XGBClassifier,Kinase,py27
receptor_type_tyrosine_protein_phosphatase_beta,0.8888888888888891,0.9,RandomForestClassifier,Enzyme,py35
receptor_type_tyrosine_protein_phosphatase_c,0.8888888888888891,0.9892241379310344,XGBClassifier,Enzyme,py35
receptor_tyrosine_protein_kinase_erbb_4,0.8888888888888891,0.9,MLPClassifier,Kinase,py27
renin,0.9386845039018952,0.9992010722382269,XGBClassifier,Enzyme,py27
retinal_rod_rhodopsin_sensitive_cgmp_3_5_cyclic_phosphodiesterase_subunit_delta,0.8888888888888891,0.9977876106194692,SVC,Other,py35
retinoic_acid_receptor_alpha,1.0,1.0,XGBClassifier,NR,py35
retinoic_acid_receptor_beta,0.9444444444444444,0.9974901125646488,XGBClassifier,NR,py35
retinoic_acid_receptor_gamma,0.8888888888888891,0.9977876106194692,MLPClassifier,NR,py35
retinoic_acid_receptor_rxr_alpha,0.8888888888888891,0.9,RandomForestClassifier,NR,py35
retinoic_acid_receptor_rxr_beta,1.0,1.0,XGBClassifier,NR,py35
retinoic_acid_receptor_rxr_gamma,0.9473684210526316,0.9957330415754924,XGBClassifier,NR,py35
rho_associated_protein_kinase_1,0.8571428571428572,0.9973360831829508,XGBClassifier,Kinase,py27
rho_associated_protein_kinase_2,0.9590163934426228,0.9979641185497612,XGBClassifier,Kinase,py27
ribosomal_protein_s6_kinase_alpha_3,0.8888888888888891,0.9983333333333334,SVC,Kinase,py35
ribosomal_protein_s6_kinase_alpha_5,0.8888888888888891,0.9977876106194692,MLPClassifier,Kinase,py35
ribosomal_protein_s6_kinase_beta_1,0.9913043478260868,0.9999729334704704,XGBClassifier,Kinase,py27
ribosyldihydronicotinamide_dehydrogenase_quinone_,0.9411764705882354,0.996636964645013,XGBClassifier,Other,py27
rod_cgmp_specific_3_5_cyclic_phosphodiesterase_subunit_alpha,0.9333333333333332,1.0,XGBClassifier,Other,py27
scavenger_receptor_class_b_member_1,0.9473684210526316,1.0,XGBClassifier,Other,py27
serine_protease_hepsin,1.0,1.0,XGBClassifier,Enzyme,py27
serine_threonine_protein_kinase_chk1,0.9659090909090908,0.9996185384707216,XGBClassifier,Other,py27
serine_threonine_protein_kinase_chk2,0.923076923076923,0.9994675186368478,XGBClassifier,Other,py27
serine_threonine_protein_kinase_d1,0.8888888888888891,0.9,RandomForestClassifier,Other,py35
serine_threonine_protein_kinase_mtor,0.8888888888888888,0.9431656720659278,SVC,Other,py27
serine_threonine_protein_kinase_nek1,0.9836065573770492,1.0,XGBClassifier,Other,py27
serine_threonine_protein_kinase_pak_1,0.8888888888888888,0.9429361488185016,SVC,Other,py35
serine_threonine_protein_kinase_pak_4,0.8857142857142858,0.8974358974358974,MLPClassifier,Other,py35
serine_threonine_protein_kinase_pim_1,0.991150442477876,0.999920360103248,XGBClassifier,Other,py27
serine_threonine_protein_kinase_pim_2,0.983050847457627,0.9995337129652554,XGBClassifier,Other,py27
serine_threonine_protein_kinase_pim_3,0.9834710743801652,0.9999182949796348,XGBClassifier,Other,py27
serine_threonine_protein_kinase_plk1,0.9,0.9970088605451776,XGBClassifier,Other,py27
serine_threonine_protein_kinase_plk2,0.88,0.8928571428571428,RandomForestClassifier,Other,py27
serine_threonine_protein_kinase_plk3,0.9333333333333332,0.998125,XGBClassifier,Other,py35
serine_threonine_protein_kinase_plk4,1.0,1.0,XGBClassifier,Other,py27
serine_threonine_protein_kinase_receptor_r3,0.8799999999999999,0.9217200709738024,MLPClassifier,Other,py35
serine_threonine_protein_kinase_sgk1,1.0,1.0,XGBClassifier,Other,py35
serine_threonine_protein_kinase_tbk1,0.9714285714285714,1.0,XGBClassifier,Other,py27
serine_threonine_protein_kinase_tnni3k,0.8750000000000001,0.8888888888888888,SVC,Other,py35
short_transient_receptor_potential_channel_6,0.8750000000000001,0.8888888888888888,MLPClassifier,IC,py35
small_conductance_calcium_activated_potassium_channel_protein_3,0.8750000000000001,0.8888888888888888,RandomForestClassifier,IC,py35
smoothened_homolog,0.8750000000000001,0.9976359338061466,MLPClassifier,GPCR,py35
sn1_specific_diacylglycerol_lipase_alpha,0.8571428571428572,0.9025145959233842,SVC,Enzyme,py27
sodium_calcium_exchanger_1,1.0,1.0,XGBClassifier,Other,py35
sodium_channel_protein_type_10_subunit_alpha,0.8627450980392156,0.9387745770461821,XGBClassifier,IC,py35
sodium_channel_protein_type_1_subunit_alpha,0.75,0.9908976773383552,XGBClassifier,IC,py35
sodium_channel_protein_type_2_subunit_alpha,0.7000000000000001,0.9773763020833334,XGBClassifier,IC,py35
sodium_channel_protein_type_3_subunit_alpha,0.5714285714285715,0.9645922746781116,XGBClassifier,IC,py35
sodium_channel_protein_type_4_subunit_alpha,0.9583333333333334,0.9887780548628428,XGBClassifier,IC,py35
sodium_channel_protein_type_5_subunit_alpha,0.874074074074074,0.9818189819384284,XGBClassifier,IC,py35
sodium_channel_protein_type_8_subunit_alpha,0.8571428571428571,0.875,RandomForestClassifier,IC,py35
sodium_channel_protein_type_9_subunit_alpha,0.9856054191363252,0.9968483196331296,XGBClassifier,IC,py27
somatostatin_receptor_type_1,0.8695652173913044,0.9757085020242916,XGBClassifier,GPCR,py35
somatostatin_receptor_type_2,0.9583333333333331,0.9987546199582196,XGBClassifier,GPCR,py35
somatostatin_receptor_type_3,0.9887640449438202,0.9998679867986798,XGBClassifier,GPCR,py35
somatostatin_receptor_type_4,0.8799999999999999,0.998410680228862,XGBClassifier,GPCR,py35
somatostatin_receptor_type_5,0.9607843137254902,0.999683744465528,XGBClassifier,GPCR,py35
sorbitol_dehydrogenase,0.8571428571428571,0.875,RandomForestClassifier,Enzyme,py27
sphingosine_1_phosphate_receptor_1,0.987878787878788,0.9998734693002208,XGBClassifier,GPCR,py35
sphingosine_1_phosphate_receptor_2,1.0,1.0,XGBClassifier,GPCR,py35
sphingosine_1_phosphate_receptor_3,0.9736842105263158,0.999966807733798,XGBClassifier,GPCR,py35
sphingosine_1_phosphate_receptor_4,1.0,1.0,XGBClassifier,GPCR,py35
sphingosine_1_phosphate_receptor_5,0.9850746268656716,1.0,XGBClassifier,GPCR,py35
sphingosine_kinase_1,0.8571428571428571,0.9952830188679244,XGBClassifier,Kinase,py35
squalene_synthase,0.8571428571428571,0.875,RandomForestClassifier,Enzyme,py27
steroid_17_alpha_hydroxylase_17_20_lyase,0.8571428571428571,0.9270562770562768,SVC,Other,py27
steroid_hormone_receptor_err1,0.8571428571428571,0.875,RandomForestClassifier,NR,py35
sterol_o_acyltransferase_1,0.8214285714285715,0.9966629171353578,XGBClassifier,Enzyme,py27
sterol_o_acyltransferase_2,0.9473684210526316,0.9719101123595504,XGBClassifier,Enzyme,py27
steryl_sulfatase,0.9696969696969696,0.9998531902879728,XGBClassifier,Enzyme,py27
substance_k_receptor,0.9495798319327732,0.9917584985008372,XGBClassifier,GPCR,py35
substance_p_receptor,0.9620253164556962,0.9990447516215788,XGBClassifier,GPCR,py27
sucrase_isomaltase_intestinal,0.923076923076923,0.9984025559105428,XGBClassifier,Other,py35
s_methyl_5_thioadenosine_phosphorylase,0.9473684210526316,0.9909919028340078,XGBClassifier,Enzyme,py35
tankyrase_1,0.8955223880597015,0.9831075632962426,XGBClassifier,Enzyme,py27
tankyrase_2,0.8915662650602411,0.9860847240051348,XGBClassifier,Enzyme,py27
telomerase_reverse_transcriptase,0.8571428571428571,0.875,RandomForestClassifier,Enzyme,py27
testosterone_17_beta_dehydrogenase_3,1.0,1.0,XGBClassifier,Enzyme,py27
tgf_beta_receptor_type_1,0.9612403100775192,0.999070777111444,XGBClassifier,Kinase,py27
thromboxane_a2_receptor,0.9921259842519684,0.9983556512505899,XGBClassifier,GPCR,py35
thymidine_phosphorylase,1.0,1.0,XGBClassifier,Enzyme,py35
thymidylate_synthase,0.8461538461538459,0.8666666666666667,MLPClassifier,Enzyme,py27
thyroid_hormone_receptor_alpha,0.9387755102040816,0.9326270744181192,XGBClassifier,NR,py35
thyroid_hormone_receptor_beta,0.8461538461538459,0.8666666666666667,RandomForestClassifier,NR,py35
tissue_alpha_l_fucosidase,0.8571428571428571,0.9918930762489044,XGBClassifier,Enzyme,py35
tissue_type_plasminogen_activator,0.8358208955223881,0.8981532779316713,SVC,Enzyme,py27
toll_like_receptor_9,0.8571428571428571,0.9984276729559748,XGBClassifier,Other,py27
trace_amine_associated_receptor_1,1.0,1.0,XGBClassifier,GPCR,py35
traf2_and_nck_interacting_protein_kinase,0.9615384615384616,0.999801232359372,XGBClassifier,Kinase,py27
transcription_intermediary_factor_1_alpha,1.0,1.0,XGBClassifier,Epigenetic,py35
transient_receptor_potential_cation_channel_subfamily_a_member_1,0.8409090909090909,0.9949232379623169,XGBClassifier,IC,py35
transient_receptor_potential_cation_channel_subfamily_m_member_8,0.962962962962963,0.9999758755661704,XGBClassifier,IC,py35
transient_receptor_potential_cation_channel_subfamily_v_member_1,0.9749582637729548,0.9979698911732332,XGBClassifier,IC,py27
transient_receptor_potential_cation_channel_subfamily_v_member_3,0.8333333333333333,0.8571428571428572,RandomForestClassifier,IC,py35
transient_receptor_potential_cation_channel_subfamily_v_member_4,0.6153846153846153,0.9303242769500436,XGBClassifier,IC,py35
transitional_endoplasmic_reticulum_atpase,0.8235294117647058,0.9952978056426331,SVC,Enzyme,py27
transketolase,0.8095238095238096,0.8534760589318602,MLPClassifier,Enzyme,py27
transmembrane_prolyl_4_hydroxylase,0.8,0.996742671009772,SVC,Enzyme,py35
transmembrane_protease_serine_11d,0.8,0.8333333333333333,MLPClassifier,Enzyme,py35
trypsin_1,0.9847094801223242,0.9999591705168154,XGBClassifier,Enzyme,py35
tryptase_alpha_beta_1,0.984126984126984,0.9995948136142624,XGBClassifier,Other,py35
tryptophan_5_hydroxylase_1,1.0,1.0,XGBClassifier,Enzyme,py27
type_2_angiotensin_ii_receptor,0.9690721649484536,0.9997709521519044,XGBClassifier,GPCR,py27
tyrosine_protein_kinase_abl1,0.7999999999999999,0.9229534510433388,SVC,Kinase,py35
tyrosine_protein_kinase_btk,0.7826086956521741,0.8877481600593728,MLPClassifier,Kinase,py27
tyrosine_protein_kinase_fyn,0.8,0.9353535353535354,XGBClassifier,Kinase,py27
tyrosine_protein_kinase_hck,0.7826086956521738,0.8727678571428571,MLPClassifier,Kinase,py35
tyrosine_protein_kinase_itk_tsk,0.9487179487179488,0.999849578820698,XGBClassifier,Other,py35
tyrosine_protein_kinase_jak2,0.9493891797556718,0.9993571380020604,XGBClassifier,Kinase,py27
tyrosine_protein_kinase_jak3,0.9640287769784172,0.999138850561215,XGBClassifier,Kinase,py35
tyrosine_protein_kinase_lck,0.8934010152284264,0.9969524913093858,XGBClassifier,Kinase,py27
tyrosine_protein_kinase_lyn,0.75,0.9722991689750692,XGBClassifier,Kinase,py27
tyrosine_protein_kinase_mer,1.0,1.0,XGBClassifier,Kinase,py35
tyrosine_protein_kinase_receptor_tyro3,0.9411764705882352,1.0,XGBClassifier,Kinase,py27
tyrosine_protein_kinase_receptor_ufo,0.8000000000000002,0.9983805668016196,XGBClassifier,Kinase,py27
tyrosine_protein_kinase_syk,0.9710982658959536,0.9977065674804512,XGBClassifier,Kinase,py27
tyrosine_protein_kinase_yes,0.75,0.9744052996085516,XGBClassifier,Kinase,py27
tyrosine_protein_phosphatase_non_receptor_type_11,0.7777777777777778,0.8863313441318557,SVC,Enzyme,py27
tyrosine_protein_phosphatase_non_receptor_type_1,0.9477124183006536,0.9909915987247654,XGBClassifier,Enzyme,py35
tyrosine_protein_phosphatase_non_receptor_type_22,1.0,1.0,XGBClassifier,Enzyme,py27
tyrosine_protein_phosphatase_non_receptor_type_2,0.9836065573770492,1.0,XGBClassifier,Enzyme,py27
tyrosyl_dna_phosphodiesterase_2,0.7777777777777777,0.9286764705882352,SVC,Enzyme,py27
udp_glucuronosyltransferase_2b7,1.0,1.0,XGBClassifier,Enzyme,py27
urokinase_type_plasminogen_activator,0.7692307692307692,0.8324209245742092,MLPClassifier,Enzyme,py35
urotensin_2_receptor,0.9523809523809524,0.9996295797413792,XGBClassifier,GPCR,py35
vascular_endothelial_growth_factor_receptor_1,0.7368421052631579,0.8170480313337455,MLPClassifier,Kinase,py35
vascular_endothelial_growth_factor_receptor_3,0.7272727272727273,0.9935622317596566,SVC,Kinase,py27
vasopressin_v1a_receptor,0.9710982658959536,0.9998974550200428,XGBClassifier,GPCR,py35
vasopressin_v1b_receptor,1.0,1.0,XGBClassifier,GPCR,py35
vasopressin_v2_receptor,0.9777777777777776,0.9997687109247948,XGBClassifier,GPCR,py35
vitamin_d3_receptor,0.9454545454545454,0.9984491315136476,XGBClassifier,NR,py35
vitamin_k_dependent_protein_c,0.6666666666666666,0.75,RandomForestClassifier,Enzyme,py27
voltage_dependent_calcium_channel_subunit_alpha_2_delta_1,0.9859154929577464,1.0,XGBClassifier,Other,py35
voltage_dependent_calcium_channel_subunit_alpha_2_delta_2,0.9411764705882352,1.0,XGBClassifier,Other,py35
voltage_dependent_l_type_calcium_channel_subunit_alpha_1c,0.6451612903225806,0.7752652149637075,SVC,IC,py35
voltage_dependent_l_type_calcium_channel_subunit_alpha_1d,0.923076923076923,0.8853021978021978,XGBClassifier,IC,py35
voltage_dependent_l_type_calcium_channel_subunit_alpha_1s,0.6153846153846153,0.8227699530516431,SVC,IC,py35
voltage_dependent_n_type_calcium_channel_subunit_alpha_1b,0.9873417721518988,0.9999647390691112,XGBClassifier,IC,py35
voltage_dependent_t_type_calcium_channel_subunit_alpha_1g,0.9113924050632912,0.99169621749409,XGBClassifier,IC,py35
voltage_dependent_t_type_calcium_channel_subunit_alpha_1h,0.8125000000000001,0.9865929277693984,XGBClassifier,IC,py35
voltage_dependent_t_type_calcium_channel_subunit_alpha_1i,1.0,1.0,XGBClassifier,IC,py35
wee1_like_protein_kinase,0.5714285714285715,0.7,RandomForestClassifier,Kinase,py27
xanthine_dehydrogenase_oxidase,0.5714285714285715,0.7468553459119497,SVC,Other,py35
_pyruvate_dehydrogenase_acetyl_transferring_kinase_isozyme_1_mitochondrial,0.9787234042553192,0.9988489871086556,XGBClassifier,Other,py35
_pyruvate_dehydrogenase_acetyl_transferring_kinase_isozyme_2_mitochondrial,1.0,1.0,XGBClassifier,Other,py27
